{
    "r2_square": 0.7509150603948731,
    "accuracy": 0.9377289377289377,
    "precision": 0.9375415282392027,
    "recall": 0.9381648936170213
}