{
    "r2_square": 0.7482510503456204,
    "accuracy": 0.9370629370629371,
    "precision": 0.9311475409836065,
    "recall": 0.9441489361702128
}